-- Crear la base de datos
CREATE DATABASE IF NOT EXISTS BIBLIOTECA;

-- Usar la base de datos
USE BIBLIOTECA;

-- Crear la tabla roles
CREATE TABLE IF NOT EXISTS roles (
  id int NOT NULL AUTO_INCREMENT,
  nombre varchar(50) NOT NULL,
  descripcion varchar(255) DEFAULT NULL,
  PRIMARY KEY (id),
  UNIQUE KEY nombre (nombre)
) ENGINE=InnoDB AUTO_INCREMENT=1 DEFAULT CHARSET=utf8mb4 COLLATE=utf8mb4_0900_ai_ci;

-- Crear la tabla usuarios
CREATE TABLE IF NOT EXISTS usuarios (
  id_usuario int NOT NULL AUTO_INCREMENT,
  nombre varchar(100) NOT NULL,
  apellido varchar(100) NOT NULL,
  username varchar(50) NOT NULL,
  email varchar(100) NOT NULL,
  fecha_nacimiento date NOT NULL,
  fecha_registro timestamp NULL DEFAULT CURRENT_TIMESTAMP,
  genero varchar(20) NOT NULL,
  pais varchar(100) DEFAULT NULL,
  password varchar(255) NOT NULL,
  rol_id int DEFAULT NULL,
  PRIMARY KEY (id_usuario),
  UNIQUE KEY username (username),
  UNIQUE KEY email (email),
  KEY fk_rol (rol_id),
  CONSTRAINT fk_rol FOREIGN KEY (rol_id) REFERENCES roles (id)
) ENGINE=InnoDB AUTO_INCREMENT=1 DEFAULT CHARSET=utf8mb4 COLLATE=utf8mb4_0900_ai_ci;

-- Crear la tabla generos_literarios
CREATE TABLE IF NOT EXISTS generos_literarios (
  genero_id int NOT NULL AUTO_INCREMENT,
  nombre_genero varchar(100) NOT NULL,
  PRIMARY KEY (genero_id)
) ENGINE=InnoDB AUTO_INCREMENT=1 DEFAULT CHARSET=utf8mb4 COLLATE=utf8mb4_0900_ai_ci;

-- Crear la tabla autores
CREATE TABLE IF NOT EXISTS autores (
  autor_id int NOT NULL AUTO_INCREMENT,
  nombre varchar(100) NOT NULL,
  apellidos varchar(100) NOT NULL,
  nacionalidad varchar(50) DEFAULT NULL,
  PRIMARY KEY (autor_id)
) ENGINE=InnoDB AUTO_INCREMENT=1 DEFAULT CHARSET=utf8mb4 COLLATE=utf8mb4_0900_ai_ci;

-- Crear la tabla libros
CREATE TABLE IF NOT EXISTS libros (
  libro_id int NOT NULL AUTO_INCREMENT,
  titulo varchar(255) NOT NULL,
  autor_id int DEFAULT NULL,
  genero_id int DEFAULT NULL,
  anio_publicacion int DEFAULT NULL,
  imagen varchar(255) DEFAULT NULL,
  resenia text,
  pdf varchar(255) DEFAULT NULL,
  PRIMARY KEY (libro_id),
  KEY autor_id (autor_id),
  KEY genero_id (genero_id),
  CONSTRAINT libros_ibfk_1 FOREIGN KEY (autor_id) REFERENCES autores (autor_id),
  CONSTRAINT libros_ibfk_2 FOREIGN KEY (genero_id) REFERENCES generos_literarios (genero_id)
) ENGINE=InnoDB AUTO_INCREMENT=1 DEFAULT CHARSET=utf8mb4 COLLATE=utf8mb4_0900_ai_ci;

-- Crear la tabla opiniones
CREATE TABLE IF NOT EXISTS opiniones (
  opinion_id int NOT NULL AUTO_INCREMENT,
  libro_id int DEFAULT NULL,
  opinion_texto text,
  puntaje int DEFAULT NULL,
  fecha_opinion date DEFAULT NULL,
  PRIMARY KEY (opinion_id),
  KEY libro_id (libro_id),
  CONSTRAINT opiniones_ibfk_1 FOREIGN KEY (libro_id) REFERENCES libros (libro_id)
) ENGINE=InnoDB DEFAULT CHARSET=utf8mb4 COLLATE=utf8mb4_0900_ai_ci;





-- Insertar datos en autores
INSERT INTO autores (nombre, apellidos, nacionalidad) VALUES
('Esopo', 'Esopo', 'Grecia'),
('Daniel', 'Defoe', 'Inglaterra'),
('Jonathan', 'Swift', 'Irlanda'),
('Robert Louis', 'Stevenson', 'Escocia'),
('Graciela', 'Montes', 'Argentina'),
('Miriam', 'Reyes', 'Mexico'),
('Sofia', 'Rhei', 'España'),
('Educ', 'Maestros', 'Argentina'),
('Jacob y Wilhelm', 'Grimm', 'Alemania'),
('James Orchard', 'Halliwell Phillipps', 'Inglaterra'),
('Robert', 'Southey', 'Inglaterra'),
('Cultura', 'Argentina', 'Argentina'),
('Jhon', 'E.thomas', 'EE UU'),
('Monica del rocio', 'Chariguaman leon ', 'Ecuador'),
('Guadalupe', 'Rodriguez', 'Chile'),
('Amado', 'Nervo', 'Mexico'),
('orientacion', 'Andujar', 'España'),
('Sergio', 'Palao', 'España'),
('peque', 'Ocio', 'España'),
('Sandra', 'Lopez Abos', 'España'),
('Miguel', 'Santos Arevalo', 'Peru'),
('Celeste', 'Marin', 'Argentina'),
('Liber', 'Espacio', 'Argentina'),
('Junta de', 'Andalucia ', 'España'),
('Small', 'FOOT', 'Alemania'),
('Niños blog', 'Lifeway', 'Mexico'),
('TRES', 'Museos', 'Venezuela'),
('Jhon', 'Doe', 'Narnia'),
('Esopo', 'Esopo', 'Grecia'),
('Oscar', 'Wilde', 'Irlanda'),
('Hans Christian', 'Andersen', 'Alemania'),
('Charles Lutwidge', 'Dogson', 'Inglaterra'),
('Benjamin', 'Tabart', 'Inglaterra'),
('Anoine', 'De Saint Exupery', 'Francia'),
('Charles', 'Perrault', 'Francia'),
('Giovanni Francesco', 'Straparola', 'Rusia'),
('Frank', 'Baum', 'EEUU'),
('Julio', 'Verne', 'Francia'),
('Edgar Alan', 'Poe', 'EEUU'),
('Charles', 'Dickens', 'Inglaterra'),
('Stephen', 'King', 'EEUU'),
('J.R.R', 'Tolkien', 'Inglaterra'),
('Ray', 'Bradbury', 'EEUU'),
('J K', 'Rowling', 'Inglaterra'),
('Alicia', 'Garcia Herrera', 'España'),
('Luis', 'Gonzalez Blasco', 'España'),
('Cecilia', 'Ansalone', 'España'),
('Fernan', 'Caballero', 'Ecuador'),
('Alejandro', 'Dumas', 'Francia'),
('Per', 'Abbat', 'Narnia'),
('Diego', 'Hurtado de Mendoza', 'España'),
('William', 'Langland', 'Inglaterra'),
('Arturo', 'Perez Reverte', 'España'),
('Edgar', 'Rice Burroughs', 'Inglaterra'),
('Carlo', 'Collodi', 'Italia'),
('Fiodor', 'Dostoyecski', 'Rusia'),
('Jose Maria', 'Arguedas', 'Argentina'),
('Charles', 'Dickens', 'Inglaterra'),
('Jose', 'Saramago', 'Portugal'),
('William', 'Shakespeare', 'Inglaterra'),
('Gabriel', 'Garcia Marquez', 'Colombia'),
('Jean', 'De la Fontaine', 'Francia'),
('Jose', 'Hernandez', 'Argentina'),
('Julio', 'Vernes', 'Francia'),
('Jhon Ajvide', 'Lindqvist', 'Suecia'),
('Mark', 'TWAIN', 'Inglaterra'),
('Jane', 'Austen', 'Suecia'),
('Octavia', 'Butler', 'Africa'),
('James Matthew', 'Barrie', 'Inglaterra'),
('Horacio', 'Quiroga', 'Argentina'),
('Rainer Maria', 'Rilke', 'Suecia'),
('Samuel', 'Selvon', 'Trinidad y Tobago'),
('Isaac', 'Asimov', 'EE UU'),
('Efrain', 'Pcheco Garcia', 'Mexico'),
('Felix Maria', 'Samaniego', 'España'),
('Esopo', 'Esopo', 'Grecia'),
('Akira', 'Toriyama', 'Japon'),
('Masami', 'Kurumada', 'Japon'),
('Takehiko', 'Inoue', 'Japon'),
('Rumiko', 'Takahashi', 'Japon'),
('Akira', 'Amano', 'Japon'),
('Osamu', 'Tezuka', 'Japon'),
('Go', 'Nagai', 'Japon'),
('Naoko', 'Takeuchi', 'Japon'),
('Clamp', 'CLAMP', 'Japon'),
('Ken', 'Akamatsu', 'Japon'),
('Masakazu', 'Katsura', 'Japon'),
('Satoshi', 'Kon', 'Japon'),
('Makoto', 'Shinkai', 'Japon'),
('Mamoru', 'Hosoda', 'Japon'),
('Hayao', 'Miyazaki', 'Japon'),
('Isao', 'Takahata', 'Japon'),
('Akiyuki', 'Shinbo', 'Japon'),
('Yoshiyuki', 'Tomino', 'Japon'),
('Shoji', 'Kawamori', 'Japon'),
('Goro', 'Miyazaki', 'Japon'),
('Katsuhiro', 'Otomo', 'Japon'),
('Leiji', 'Matsumoto', 'Japon'),
('Hideaki', 'Anno', 'Japon'),
('Kunihiko', 'Ikuhara', 'Japon'),
('Tatsuya', 'Takahashi', 'Japon'),
('Yoshiyuki', 'Sadamoto', 'Japon'),
('Shinichiro', 'Watanabe', 'Japon'),
('Yoko', 'Kanno', 'Japon'),
('Yuki', 'Kajiura', 'Japon'),
('Yoshihiro', 'Togashi', 'Japon'),
('Hiromu', 'Arakawa', 'Japon'),
('Nobuhiro', 'Watsuki', 'Japon'),
('Naoko', 'Urasawa', 'Japon'),
('Yukito', 'Kishiro', 'Japon'),
('Eiichiro', 'Oda', 'Japon'),
('Hirohiko', 'Araki', 'Japon'),
('Shingo', 'Natsume', 'Japon'),
('Tite', 'Kubo', 'Japon'),
('Katsura', 'Hoshino', 'Japon'),
('Tite', 'Kubo', 'Japon'),
('Iruma', 'Araido', 'Japon'),
('Matsuri', 'Hino', 'Japon'),
('Nobuhiro', 'Watsuki', 'Japon'),
('Takahiro', 'Arima', 'Japon'),
('Takahiro', 'Arima', 'Japon'),
('Kaiu', 'Shirai', 'Japon'),
('Kakifly', 'Kakifly', 'Japon'),
('Yukiko', 'Horiguchi', 'Japon'),
('Akane', 'Shimizu', 'Japon'),
('Makoto', 'Yukimura', 'Japon'),
('Taiyo', 'Matsumoto', 'Japon'),
('Satoshi', 'Konzai', 'Japon'),
('Haruki', 'Murakami', 'Japon'),
('Kazuo', 'Ishiguro', 'Japon'),
('Ryu', 'Murasaki', 'Japon'),
('Kenzaburo', 'Oe', 'Japon'),
('Natsume', 'Soseki', 'Japon'),
('Yasunari', 'Kawabata', 'Japon'),
('Osamu', 'Dazai', 'Japon'),
('Ryunosuke', 'Akutagawa', 'Japon'),
('Yukio', 'Mishima', 'Japon'),
('Taeko', 'Ichinohe', 'Japon'),
('Ayumi', 'Komura', 'Japon'),
('Kenji', 'Aoki', 'Japon'),
('Haruko', 'Ichikawa', 'Japon'),
('Fuyumi', 'Soryo', 'Japon'),
('Kazuo', 'Koike', 'Japon'),
('Leiji', 'Matsumoto', 'Japon'),
('Yukito', 'Kishiro', 'Japon'),
('Ryo', 'Kawakami', 'Japon'),
('Akira', 'Himekawa', 'Japon'),
('Masayuki', 'Ishikawa', 'Japon'),
('Masashi', 'Kishimoto', 'Japon'),
('Yoshihiro', 'Togashi', 'Japon'),
('Eiichiro', 'Oda', 'Japon'),
('Akira', 'Torii', 'Japon'),
('Akira', 'Toriyama', 'Japon'),
('Masami', 'Kurumada', 'Japon'),
('Takehiko', 'Inoue', 'Japon'),
('Rumiko', 'Takahashi', 'Japon'),
('Akira', 'Amano', 'Japon'),
('Osamu', 'Tezuka', 'Japon'),
('Go', 'Nagai', 'Japon'),
('Naoko', 'Takeuchi', 'Japon'),
('Clamp', 'CLAMP', 'Japon'),
('Ken', 'Akamatsu', 'Japon'),
('Masakazu', 'Katsura', 'Japon'),
('Satoshi', 'Kon', 'Japon'),
('Makoto', 'Shinkai', 'Japon'),
('Mamoru', 'Hosoda', 'Japon'),
('Hayao', 'Miyazaki', 'Japon'),
('Isao', 'Takahata', 'Japon'),
('Akiyuki', 'Shinbo', 'Japon'),
('Yoshiyuki', 'Tomino', 'Japon'),
('Shoji', 'Kawamori', 'Japon'),
('Goro', 'Miyazaki', 'Japon'),
('Katsuhiro', 'Otomo', 'Japon'),
('Leiji', 'Matsumoto', 'Japon'),
('Hideaki', 'Anno', 'Japon'),
('Kunihiko', 'Ikuhara', 'Japon'),
('Tatsuya', 'Takahashi', 'Japon'),
('Yoshiyuki', 'Sadamoto', 'Japon'),
('Shinichiro', 'Watanabe', 'Japon'),
('Yoko', 'Kanno', 'Japon'),
('Yuki', 'Kajiura', 'Japon'),
('Yoshihiro', 'Togashi', 'Japon'),
('Hiromu', 'Arakawa', 'Japon'),
('Nobuhiro', 'Watsuki', 'Japon'),
('Naoko', 'Urasawa', 'Japon'),
('Yukito', 'Kishiro', 'Japon'),
('Eiichiro', 'Oda', 'Japon'),
('Hirohiko', 'Araki', 'Japon'),
('Shingo', 'Natsume', 'Japon'),
('Tite', 'Kubo', 'Japon'),
('Katsura', 'Hoshino', 'Japon'),
('Tite', 'Kubo', 'Japon'),
('Iruma', 'Araido', 'Japon'),
('Matsuri', 'Hino', 'Japon'),
('Nobuhiro', 'Watsuki', 'Japon'),
('Takahiro', 'Arima', 'Japon'),
('Takahiro', 'Arima', 'Japon'),
('Kaiu', 'Shirai', 'Japon'),
('Kakifly', 'Kakifly', 'Japon'),
('Yukiko', 'Horiguchi', 'Japon'),
('Akane', 'Shimizu', 'Japon'),
('Makoto', 'Yukimura', 'Japon'),
('Taiyo', 'Matsumoto', 'Japon'),
('Satoshi', 'Konzai', 'Japon'),
('Haruki', 'Murakami', 'Japon'),
('Kazuo', 'Ishiguro', 'Japon'),
('Ryu', 'Murasaki', 'Japon'),
('Kenzaburo', 'Oe', 'Japon'),
('Natsume', 'Soseki', 'Japon'),
('Yasunari', 'Kawabata', 'Japon'),
('Osamu', 'Dazai', 'Japon'),
('Ryunosuke', 'Akutagawa', 'Japon'),
('Yukio', 'Mishima', 'Japon'),
('Taeko', 'Ichinohe', 'Japon'),
('Ayumi', 'Komura', 'Japon'),
('Kenji', 'Aoki', 'Japon'),
('Haruko', 'Ichikawa', 'Japon'),
('Fuyumi', 'Soryo', 'Japon'),
('Kazuo', 'Koike', 'Japon'),
('Leiji', 'Matsumoto', 'Japon'),
('Yukito', 'Kishiro', 'Japon'),
('Ryo', 'Kawakami', 'Japon'),
('Akira', 'Himekawa', 'Japon'),
('Masayuki', 'Ishikawa', 'Japon'),
('Masashi', 'Kishimoto', 'Japon'),
('Yoshihiro', 'Togashi', 'Japon'),
('Eiichiro', 'Oda', 'Japon'),
('Akira', 'Torii', 'Japon'),
('Akira', 'Toriyama', 'Japon'),
('Masami', 'Kurumada', 'Japon'),
('Takehiko', 'Inoue', 'Japon'),
('Rumiko', 'Takahashi', 'Japon'),
('Akira', 'Amano', 'Japon'),
('Osamu', 'Tezuka', 'Japon'),
('Go', 'Nagai', 'Japon'),
('Naoko', 'Takeuchi', 'Japon'),
('Clamp', 'CLAMP', 'Japon'),
('Ken', 'Akamatsu', 'Japon'),
('Masakazu', 'Katsura', 'Japon'),
('Satoshi', 'Kon', 'Japon'),
('Makoto', 'Shinkai', 'Japon'),
('Mamoru', 'Hosoda', 'Japon'),
('Hayao', 'Miyazaki', 'Japon'),
('Isao', 'Takahata', 'Japon'),
('Akiyuki', 'Shinbo', 'Japon'),
('Yoshiyuki', 'Tomino', 'Japon'),
('Shoji', 'Kawamori', 'Japon'),
('Goro', 'Miyazaki', 'Japon'),
('Katsuhiro', 'Otomo', 'Japon'),
('Leiji', 'Matsumoto', 'Japon'),
('Hideaki', 'Anno', 'Japon'),
('Kunihiko', 'Ikuhara', 'Japon'),
('Tatsuya', 'Takahashi', 'Japon'),
('Yoshiyuki', 'Sadamoto', 'Japon'),
('Shinichiro', 'Watanabe', 'Japon'),
('Yoko', 'Kanno', 'Japon'),
('Yuki', 'Kajiura', 'Japon'),
('Yoshihiro', 'Togashi', 'Japon'),
('Hiromu', 'Arakawa', 'Japon'),
('Nobuhiro', 'Watsuki', 'Japon'),
('Naoko', 'Urasawa', 'Japon'),
('Yukito', 'Kishiro', 'Japon'),
('Eiichiro', 'Oda', 'Japon'),
('Hirohiko', 'Araki', 'Japon'),
('Shingo', 'Natsume', 'Japon'),
('Tite', 'Kubo', 'Japon'),
('Katsura', 'Hoshino', 'Japon'),
('Tite', 'Kubo', 'Japon'),
('Iruma', 'Araido', 'Japon'),
('Matsuri', 'Hino', 'Japon'),
('Nobuhiro', 'Watsuki', 'Japon'),
('Takahiro', 'Arima', 'Japon'),
('Takahiro', 'Arima', 'Japon'),
('Kaiu', 'Shirai', 'Japon'),
('Kakifly', 'Kakifly', 'Japon'),
('Yukiko', 'Horiguchi', 'Japon'),
('Akane', 'Shimizu', 'Japon'),
('Makoto', 'Yukimura', 'Japon'),
('Taiyo', 'Matsumoto', 'Japon'),
('Satoshi', 'Konzai', 'Japon'),
('Haruki', 'Murakami', 'Japon'),
('Kazuo', 'Ishiguro', 'Japon'),
('Ryu', 'Murasaki', 'Japon'),
('Kenzaburo', 'Oe', 'Japon'),
('Natsume', 'Soseki', 'Japon'),
('Yasunari', 'Kawabata', 'Japon'),
('Osamu', 'Dazai', 'Japon'),
('Ryunosuke', 'Akutagawa', 'Japon'),
('Yukio', 'Mishima', 'Japon'),
('Taeko', 'Ichinohe', 'Japon'),
('Ayumi', 'Komura', 'Japon'),
('Kenji', 'Aoki', 'Japon');


INSERT INTO `generos_literarios` (`Genero_id`, `nombre_genero`)
VALUES
(1, 'aventura'),
(2, 'accion'),
(3, 'accion y aventura'),
(4, 'cuentos de usuarios'),
(5, 'cuentos infantiles'),
(6, 'fabulas'),
(7, 'mitos'),
(8, 'leyendas'),
(9, 'fabulas, mitos y leyendas'),
(10, 'fantasia'),
(11, 'misterio'),
(12, 'terror'),
(13, 'suspenso'),
(14, 'ciencia ficcion'),
(15, 'anime'),
(16, 'manga'),
(17, 'anime y manga'),
(18, 'Didactica'),
(19, 'novela');


INSERT INTO `libros` (`libro_id`, `titulo`, `autor_id`, `genero_id`, `anio_publicacion`)
VALUES
(1, 'Las aventuras de Robinson crusoe', 1, 1, 1719),
(2, 'El regalo', 2, 14, 2008),
(3, 'Los viajes de Gulliver', 4, 1, 1883),
(4, 'La isla del tesoro', 4, 1, 1726),
(5, 'Habia una vez una casa', 5, 5, 1988),
(6, 'El dragon cheff', 6, 9, 2015),
(7, 'Las pelusas se mudan de casa', 6, 5, 2015),
(8, 'Copito de nieve ', 7, 10, 2007),
(9, 'Jose esta asustado ', 6, 5, 2014),
(10, 'Jose esta contento', 6, 5, 2014),
(11, 'Coleccion de cuentos con pictogramas', 8, 5, 2019),
(12, 'Blanca nieves', 9, 10, 1812),
(13, 'El flautista de hamelin', 9, 1, 1812),
(14, 'Los tres cerditos', 10, 6, 1849),
(15, 'Ricitos de oro ', 11, 6, 1837),
(16, 'El pajarito rosa ', 6, 6, 2016),
(17, 'La rana pirata ', 6, 6, 2015),
(18, 'Animales rimados y no tanto', 12, 18, 2009),
(19, 'Libro de inventos divertidos para niñois', 13, 18, 2000),
(20, 'La lección de August', 14, 19, 2012),
(21, 'Me llamo Sara ', 15, 18, 2012),
(22, 'El duendecillo de la manzana ', 16, 19, 2004),
(23, 'La bola de mariana ', 17, 18, 2013),
(24, 'Pequeños poemas para grandes corazones', 18, 6, 2007),
(25, 'La bruja Maruja ', 19, 10, 2009),
(26, 'El pato maximo ', 20, 6, 2002),
(27, 'El secreto de las piedras', 21, 8, 2001),
(28, 'El soldadito de plomo ', 22, 6, 1838),
(29, 'La insoportable levedad del ser', 23, 19, 1984),
(30, 'Yo soy malala ', 24, 19, 2013),
(31, 'Comiendo pollito ', 6, 6, 2012),
(32, 'Cuentos de Buenas Noches ', 25, 6, 2006),
(33, 'El club de los valientes', 26, 6, 2011),
(34, 'Las tres mellizas', 27, 6, 1994),
(35, 'Bajo el mar ', 28, 6, 2010),
(36, 'Todos los cuentos', 29, 6, 1988),
(37, 'Vamos a cazar un oso ', 30, 6, 1989),
(38, 'El castillo ambulante ', 31, 6, 1986),
(39, 'La teoria de la relatividad ', 32, 19, 1916),
(40, 'El principito', 33, 10, 1943),
(41, 'Donde estan las chicas', 34, 6, 1990),
(42, 'Mujercitas ', 35, 6, 1868),
(43, 'Aqui y ahora', 36, 19, 1970),
(44, 'La chica del tren ', 37, 6, 2015),
(45, 'El mundo azul', 38, 19, 2014),
(46, 'La historia de los colores', 39, 18, 2003),
(47, 'El amor en los tiempos del cólera', 40, 19, 1985),
(48, 'La hoguera de las vanidades', 41, 19, 1987),
(49, 'It', 42, 12, 1986),
(50, 'Las tres mellizas', 27, 6, 1994),
(51, 'Zapatos italianos', 43, 6, 2006),
(52, 'Roma ', 44, 19, 2015),
(53, 'El nombre del viento ', 45, 10, 2007),
(54, 'El temor de un hombre sabio', 46, 10, 2011),
(55, 'El corredor del laberinto', 47, 14, 2009),
(56, 'Las pruebas ', 48, 14, 2010),
(57, 'La cura mortal', 49, 14, 2011),
(58, 'La baba del cielo ', 50, 14, 2015),
(59, 'La lección de August', 51, 6, 2001),
(60, 'Habia una vez una princesa', 52, 6, 1988),
(61, 'Los juegos del hambre', 53, 14, 2008),
(62, 'En llamas', 54, 14, 2009),
(63, 'Sinsajo', 55, 14, 2010),
(64, 'Habia una vez una princesa', 56, 6, 1988),
(65, 'El libro de la selva', 57, 14, 1983),
(66, 'The road', 58, 12, 2006),
(67, 'Amor inmortal', 59, 19, 2010),
(68, 'The never ending story', 60, 10, 1979),
(69, 'La espada del destino ', 61, 10, 1992),
(70, 'La sangre de los elfos', 62, 10, 1994),
(71, 'La torre de la golondrina ', 63, 10, 1997),
(72, 'Tiempo de odio', 64, 10, 1995),
(73, 'Bautismo de fuego', 65, 10, 1996),
(74, 'La dama del lago', 66, 10, 1999),
(75, 'Estacion de tormentas', 67, 10, 2013),
(76, 'Dias de odio, noches de guerra', 68, 10, 2014),
(77, 'Sueño de una noche de verano', 69, 10, 1595),
(78, 'La tempestad ', 70, 10, 1611),
(79, 'Don Quijote de la Mancha', 71, 19, 1605),
(80, 'El maravilloso mago de oz', 72, 6, 1900),
(81, 'Frankenstein', 73, 12, 1818),
(82, 'El gato con botas ', 74, 6, 1697),
(83, 'La cenicienta', 75, 6, 1697),
(84, 'La sirenita', 76, 6, 1837),
(85, 'La bella durmiente', 77, 6, 1697),
(86, 'El patito feo ', 78, 6, 1843),
(87, 'Peter Pan', 79, 6, 1911),
(88, 'Alicia en el pais de las maravillas', 80, 10, 1865),
(89, 'La inmortalidad de milan kundera', 81, 19, 1990);

-- Agregar roles user y admin a la tabla roles
INSERT INTO roles (nombre, descripcion) VALUES
('user', 'Usuario estándar con acceso básico.'),
('admin', 'Administrador con acceso completo.');

